id,age,gender,country,hours_sleep,exercise_days,screen_time,stress_level,happiness_level,income_bracket,ratio_screen/sleep,mas_pantalla_que_sue√±o,en_riesgo
1,56,male,peru,7.4,0,6.6,3,5,low,0.8918918918918918,False,False
2,46,female,chile,7.1,3,7.7,4,8,high,1.0845070422535212,True,False
3,32,male,colombia,8.1,6,2.8,5,3,high,0.345679012345679,False,False
4,60,non-binary,peru,7.1,3,10.3,6,6,medium,1.4507042253521127,True,False
5,25,male,mexico,6.8,3,6.5,1,4,low,0.9558823529411765,False,False
6,38,male,peru,6.1,0,10.1,4,7,low,1.6557377049180328,True,False
7,56,male,argentina,8.3,0,4.2,10,10,low,0.5060240963855421,False,False
8,36,male,colombia,5.6,4,10.5,5,3,medium,1.8750000000000002,True,False
9,40,non-binary,mexico,5.3,1,7.9,7,6,medium,1.4905660377358492,True,True
10,28,non-binary,chile,7.9,1,7.4,5,10,medium,0.9367088607594937,False,False
11,28,female,spain,5.0,4,6.6,1,9,low,1.3199999999999998,True,False
12,41,non-binary,mexico,10.6,4,5.4,7,10,low,0.5094339622641509,False,False
13,53,non-binary,chile,7.1,5,9.0,8,1,low,1.267605633802817,True,False
14,57,female,spain,7.5,6,6.4,7,3,medium,0.8533333333333334,False,False
15,41,non-binary,spain,5.8,3,1.1,4,2,medium,0.18965517241379312,False,False
16,20,male,mexico,6.5,4,3.2,8,8,high,0.49230769230769234,False,False
17,39,male,peru,6.4,2,5.5,5,7,medium,0.859375,False,False
18,19,female,peru,6.2,1,6.8,10,2,high,1.096774193548387,True,True
19,41,female,spain,7.9,4,5.9,9,6,low,0.7468354430379747,False,False
20,61,female,peru,6.3,2,9.0,10,3,medium,1.4285714285714286,True,True
21,47,male,argentina,8.5,2,1.1,5,8,low,0.12941176470588237,False,False
22,55,non-binary,spain,11.0,2,6.4,1,10,low,0.5818181818181819,False,False
23,19,male,spain,6.6,5,1.5,9,3,low,0.2272727272727273,False,False
24,38,female,chile,7.2,5,7.9,5,10,low,1.0972222222222223,True,False
25,50,non-binary,peru,7.6,2,5.8,6,9,medium,0.7631578947368421,False,False
26,29,non-binary,spain,9.7,6,7.0,4,1,low,0.7216494845360826,False,False
27,39,male,argentina,6.9,5,3.8,6,5,high,0.5507246376811593,False,False
28,61,female,chile,5.8,3,9.2,8,3,medium,1.586206896551724,True,True
29,42,male,mexico,5.1,2,8.6,3,6,low,1.6862745098039216,True,False
30,44,non-binary,spain,6.9,3,7.5,5,10,medium,1.0869565217391304,True,False
31,59,male,argentina,6.3,3,5.7,2,2,high,0.9047619047619048,False,False
32,45,male,colombia,10.0,2,7.4,2,9,low,0.74,False,False
33,33,female,argentina,9.7,1,4.2,7,6,high,0.43298969072164956,False,False
34,32,female,argentina,5.4,6,8.1,10,7,low,1.4999999999999998,True,True
35,64,non-binary,chile,5.9,2,10.1,10,5,high,1.711864406779661,True,True
36,61,male,mexico,7.1,2,8.7,10,9,low,1.2253521126760563,True,False
37,20,male,colombia,9.1,5,4.2,6,1,medium,0.46153846153846156,False,False
38,54,male,peru,7.1,2,6.9,4,5,low,0.9718309859154931,False,False
39,24,non-binary,peru,6.0,1,2.8,5,10,medium,0.4666666666666666,False,False
40,38,non-binary,argentina,6.9,5,7.4,1,6,low,1.0724637681159421,True,False
41,26,female,chile,6.1,0,7.1,7,7,low,1.1639344262295082,True,True
42,56,female,chile,7.9,0,1.3,8,4,high,0.16455696202531644,False,False
43,35,female,peru,5.9,3,3.1,9,1,high,0.5254237288135593,False,False
44,21,male,colombia,6.2,6,5.3,8,8,high,0.8548387096774193,False,False
45,42,male,mexico,8.7,3,5.2,5,10,low,0.5977011494252874,False,False
46,31,female,colombia,5.8,1,3.0,3,4,low,0.5172413793103449,False,False
47,26,male,spain,4.8,4,7.0,10,3,low,1.4583333333333335,True,True
48,43,female,spain,7.1,6,6.6,9,7,medium,0.9295774647887324,False,False
49,19,non-binary,mexico,6.5,0,5.5,6,2,medium,0.8461538461538461,False,False
50,37,female,peru,7.8,3,4.1,5,8,low,0.5256410256410257,False,False
51,45,non-binary,mexico,7.5,0,8.6,3,6,high,1.1466666666666667,True,False
52,64,male,chile,7.0,1,10.1,6,7,high,1.4428571428571428,True,False
53,24,female,spain,6.9,1,4.8,3,5,high,0.6956521739130435,False,False
54,61,male,argentina,5.9,4,4.5,10,9,low,0.7627118644067796,False,False
55,25,non-binary,argentina,7.1,4,7.2,6,5,high,1.0140845070422535,True,False
56,64,non-binary,peru,8.3,5,5.1,4,5,low,0.6144578313253011,False,False
57,52,non-binary,chile,5.5,6,5.7,2,3,medium,1.0363636363636364,True,False
58,31,male,colombia,7.0,1,7.8,8,1,high,1.1142857142857143,True,False
59,34,male,chile,8.6,3,1.2,4,2,medium,0.13953488372093023,False,False
60,53,male,argentina,7.8,0,9.3,9,8,high,1.1923076923076925,True,False
61,57,male,argentina,9.0,2,6.2,7,1,low,0.6888888888888889,False,False
62,21,non-binary,spain,6.1,4,5.0,2,7,low,0.819672131147541,False,False
63,19,non-binary,chile,4.3,2,5.8,4,5,low,1.3488372093023255,True,False
64,23,female,chile,7.3,3,5.9,5,3,low,0.8082191780821919,False,False
65,59,female,argentina,7.5,4,1.7,3,7,high,0.22666666666666666,False,False
66,21,male,colombia,9.1,2,9.7,9,9,medium,1.065934065934066,True,False
67,46,non-binary,peru,8.8,6,6.1,5,2,low,0.6931818181818181,False,False
68,35,non-binary,peru,7.8,3,7.1,2,8,high,0.9102564102564102,False,False
69,43,non-binary,chile,8.1,0,8.4,3,9,medium,1.0370370370370372,True,False
70,61,female,peru,6.7,6,3.4,9,3,low,0.5074626865671642,False,False
71,51,female,argentina,5.2,3,7.2,7,2,medium,1.3846153846153846,True,True
72,27,non-binary,argentina,7.2,5,5.3,2,7,low,0.736111111111111,False,False
73,53,non-binary,chile,8.5,4,8.1,9,5,medium,0.9529411764705882,False,False
74,31,non-binary,chile,8.0,1,0.7,4,5,medium,0.0875,False,False
75,48,female,spain,8.3,0,5.8,9,10,low,0.6987951807228915,False,False
76,32,non-binary,chile,6.4,6,4.5,2,5,high,0.703125,False,False
77,25,non-binary,colombia,6.6,6,7.1,10,4,medium,1.0757575757575757,True,True
78,31,male,peru,7.7,2,7.2,4,5,low,0.935064935064935,False,False
79,40,male,chile,6.2,4,4.2,5,4,medium,0.6774193548387097,False,False
80,57,female,mexico,6.2,1,4.2,2,6,medium,0.6774193548387097,False,False
81,38,non-binary,spain,7.4,3,5.7,10,4,high,0.7702702702702703,False,False
82,33,non-binary,mexico,8.1,1,3.8,1,2,medium,0.4691358024691358,False,False
83,62,male,argentina,6.7,4,8.1,7,9,medium,1.208955223880597,True,True
84,35,female,peru,5.3,4,5.1,10,2,low,0.9622641509433962,False,False
86,41,male,mexico,7.3,5,5.1,8,10,high,0.6986301369863014,False,False
87,43,male,peru,7.3,1,3.4,3,6,medium,0.4657534246575342,False,False
88,42,male,argentina,7.4,3,1.9,10,9,medium,0.25675675675675674,False,False
89,62,non-binary,colombia,7.8,1,2.9,6,9,medium,0.3717948717948718,False,False
90,58,non-binary,spain,7.0,4,6.3,7,3,high,0.9,False,False
91,46,male,peru,7.4,4,9.3,10,1,medium,1.2567567567567568,True,False
92,32,female,peru,6.9,2,6.8,1,1,low,0.9855072463768115,False,False
93,62,female,colombia,8.7,5,4.5,6,3,high,0.5172413793103449,False,False
94,18,female,peru,9.1,2,7.1,7,5,low,0.7802197802197802,False,False
95,42,female,argentina,5.2,0,4.9,6,3,low,0.9423076923076923,False,False
96,24,male,argentina,6.6,4,4.3,4,9,high,0.6515151515151515,False,False
97,26,non-binary,colombia,7.0,2,3.1,1,9,low,0.4428571428571429,False,False
98,41,female,spain,6.6,1,1.6,9,3,medium,0.24242424242424246,False,False
99,18,male,chile,9.7,5,5.0,4,3,high,0.5154639175257733,False,False
100,61,female,mexico,7.3,5,6.4,7,5,low,0.8767123287671234,False,False
101,25,female,chile,5.8,3,5.8,7,2,medium,1.0,False,False
102,41,male,peru,7.9,1,5.0,2,6,medium,0.6329113924050632,False,False
103,28,non-binary,mexico,7.4,3,3.6,1,7,low,0.48648648648648646,False,False
104,34,non-binary,colombia,7.5,2,7.5,8,9,medium,1.0,False,False
105,25,male,colombia,9.7,6,2.7,8,6,high,0.2783505154639176,False,False
106,52,non-binary,spain,7.5,0,7.9,7,3,low,1.0533333333333335,True,False
107,52,male,mexico,6.5,1,3.5,8,5,medium,0.5384615384615384,False,False
108,50,male,argentina,4.1,1,4.1,3,4,medium,1.0,False,False
109,22,male,mexico,6.8,1,2.3,2,5,low,0.338235294117647,False,False
110,59,non-binary,peru,9.0,3,4.7,7,8,low,0.5222222222222223,False,False
111,56,male,argentina,6.9,2,8.4,8,8,low,1.2173913043478262,True,True
112,58,female,colombia,3.6,1,7.3,1,6,low,2.0277777777777777,True,False
113,45,non-binary,mexico,6.3,6,8.4,10,1,high,1.3333333333333335,True,True
114,24,non-binary,chile,8.5,1,7.3,9,8,low,0.8588235294117647,False,False
115,26,non-binary,spain,7.8,5,3.2,4,8,high,0.4102564102564103,False,False
116,25,non-binary,chile,5.7,0,5.2,4,2,high,0.9122807017543859,False,False
117,29,female,spain,6.2,5,4.0,3,4,low,0.6451612903225806,False,False
118,51,non-binary,peru,6.4,5,9.3,6,2,high,1.453125,True,False
119,50,non-binary,chile,6.0,0,3.0,1,4,low,0.5,False,False
120,40,male,mexico,4.0,6,8.2,6,10,low,2.05,True,False
121,41,non-binary,mexico,8.1,2,8.2,2,7,medium,1.0123456790123457,True,False
122,54,female,chile,8.9,5,10.6,9,9,low,1.1910112359550562,True,False
123,52,female,mexico,4.7,2,5.0,2,8,medium,1.0638297872340425,True,False
124,61,female,peru,8.9,5,7.8,7,9,high,0.8764044943820224,False,False
125,57,female,argentina,6.8,4,11.7,1,8,medium,1.7205882352941175,True,False
126,39,non-binary,peru,8.8,0,4.5,7,2,high,0.5113636363636364,False,False
127,44,non-binary,spain,7.1,5,2.2,5,7,low,0.3098591549295775,False,False
128,52,female,peru,7.2,4,1.3,8,2,high,0.18055555555555555,False,False
129,18,female,spain,7.6,3,7.8,4,2,high,1.0263157894736843,True,False
130,52,non-binary,mexico,5.8,4,1.3,10,4,low,0.22413793103448276,False,False
131,54,female,argentina,8.8,1,5.1,7,1,high,0.5795454545454545,False,False
132,64,male,mexico,5.3,5,7.1,6,5,low,1.3396226415094339,True,False
133,31,female,colombia,6.4,4,6.5,5,6,medium,1.015625,True,False
134,20,female,mexico,7.8,2,7.1,4,9,low,0.9102564102564102,False,False
135,18,male,spain,6.2,3,6.6,7,10,low,1.064516129032258,True,True
136,22,male,mexico,8.2,6,9.2,5,8,high,1.1219512195121952,True,False
137,43,non-binary,mexico,9.1,5,3.6,5,2,medium,0.39560439560439564,False,False
138,31,non-binary,argentina,8.5,1,4.3,1,1,low,0.5058823529411764,False,False
139,56,male,mexico,4.1,6,4.1,2,2,medium,1.0,False,False
140,44,male,argentina,7.2,4,8.1,5,7,medium,1.125,True,False
141,26,non-binary,chile,8.5,6,8.3,3,4,high,0.9764705882352942,False,False
142,32,female,colombia,5.0,6,7.1,2,10,low,1.42,True,False
143,32,male,argentina,8.1,3,9.0,4,5,high,1.1111111111111112,True,False
144,43,non-binary,spain,8.0,6,3.1,4,7,low,0.3875,False,False
145,59,female,chile,5.2,6,10.2,4,3,medium,1.9615384615384612,True,False
146,30,male,argentina,8.3,5,9.8,4,10,low,1.180722891566265,True,False
147,49,female,argentina,7.4,3,7.8,3,2,low,1.054054054054054,True,False
148,56,non-binary,colombia,8.0,1,10.5,7,7,medium,1.3125,True,False
149,49,male,spain,5.6,4,1.9,9,5,medium,0.3392857142857143,False,False
150,21,female,peru,7.2,3,4.7,5,1,low,0.6527777777777778,False,False
151,47,male,peru,4.4,3,4.2,4,1,high,0.9545454545454545,False,False
152,54,female,argentina,3.6,0,7.8,2,9,low,2.1666666666666665,True,False
153,40,non-binary,mexico,7.2,3,3.4,2,5,medium,0.4722222222222222,False,False
154,56,non-binary,spain,8.7,0,7.9,5,1,high,0.9080459770114944,False,False
155,62,male,chile,7.4,4,9.4,7,7,medium,1.2702702702702702,True,False
156,32,female,mexico,6.9,6,7.7,10,9,medium,1.1159420289855073,True,True
157,60,male,mexico,6.7,5,6.7,10,1,high,1.0,False,True
158,46,male,spain,5.6,5,3.5,9,10,medium,0.625,False,False
159,53,female,argentina,6.7,4,3.9,7,4,medium,0.582089552238806,False,False
160,30,female,argentina,7.6,4,9.1,5,3,medium,1.1973684210526316,True,False
161,49,female,argentina,6.3,2,7.9,10,5,medium,1.253968253968254,True,True
162,24,non-binary,argentina,8.1,6,5.9,10,7,medium,0.7283950617283952,False,False
163,39,male,peru,7.3,4,5.0,10,8,medium,0.684931506849315,False,False
164,45,male,argentina,7.5,3,0.9,6,2,medium,0.12000000000000001,False,False
165,19,non-binary,peru,8.3,5,3.3,3,7,medium,0.3975903614457831,False,False
166,59,female,peru,6.2,1,10.8,5,1,medium,1.7419354838709677,True,False
167,62,non-binary,argentina,8.0,5,2.8,8,7,low,0.35,False,False
168,23,non-binary,colombia,6.4,0,6.5,1,8,low,1.015625,True,False
169,45,non-binary,chile,7.5,5,8.5,1,2,medium,1.1333333333333333,True,False
170,45,male,mexico,6.0,2,2.9,7,9,low,0.48333333333333334,False,False
171,61,non-binary,peru,5.6,6,6.5,5,1,high,1.1607142857142858,True,False
172,61,male,spain,7.1,4,8.3,5,6,low,1.1690140845070425,True,False
173,37,male,spain,4.2,6,6.0,1,1,medium,1.4285714285714286,True,False
174,47,male,chile,6.6,4,13.2,9,3,medium,2.0,True,True
175,28,female,spain,4.6,5,1.8,1,6,low,0.391304347826087,False,False
176,45,male,colombia,8.2,1,8.6,5,3,medium,1.048780487804878,True,False
177,42,male,spain,8.6,1,5.6,10,8,high,0.6511627906976744,False,False
178,56,female,mexico,5.7,2,7.9,9,5,high,1.3859649122807018,True,True
179,50,male,mexico,7.6,0,7.1,4,2,medium,0.9342105263157895,False,False
180,18,non-binary,peru,8.3,5,4.2,8,4,high,0.5060240963855421,False,False
181,44,non-binary,argentina,8.4,4,6.6,6,9,high,0.7857142857142856,False,False
182,30,male,colombia,7.3,5,1.4,3,4,low,0.1917808219178082,False,False
183,58,female,peru,8.1,2,7.5,4,10,high,0.9259259259259259,False,False
184,20,non-binary,colombia,6.0,3,6.7,2,10,low,1.1166666666666667,True,False
185,56,female,argentina,7.1,3,7.6,1,8,medium,1.0704225352112675,True,False
186,23,female,spain,6.3,2,8.6,8,5,low,1.3650793650793651,True,True
187,25,non-binary,spain,5.9,4,6.9,1,10,medium,1.1694915254237288,True,False
188,44,female,argentina,7.1,6,6.4,1,1,medium,0.9014084507042255,False,False
189,26,non-binary,peru,7.5,2,3.8,4,7,medium,0.5066666666666666,False,False
190,54,female,argentina,8.7,4,4.2,10,3,medium,0.48275862068965525,False,False
191,50,non-binary,chile,7.4,1,9.0,10,10,medium,1.2162162162162162,True,False
192,59,male,mexico,8.0,2,9.6,6,8,low,1.2,True,False
193,61,non-binary,peru,8.0,4,5.4,9,3,medium,0.675,False,False
194,41,non-binary,colombia,11.0,2,6.1,1,1,high,0.5545454545454546,False,False
195,32,non-binary,chile,4.3,2,3.7,7,5,high,0.8604651162790699,False,False
196,49,non-binary,peru,6.0,6,8.9,10,2,medium,1.4833333333333334,True,True
197,49,female,argentina,9.2,6,7.7,5,4,high,0.8369565217391305,False,False
198,41,male,argentina,6.5,4,10.9,8,1,low,1.676923076923077,True,True
199,58,non-binary,argentina,8.3,4,3.8,7,9,low,0.45783132530120474,False,False
200,29,female,argentina,7.3,0,5.1,4,6,medium,0.6986301369863014,False,False
201,56,male,colombia,10.2,2,6.6,4,8,medium,0.6470588235294118,False,False
202,19,male,chile,5.3,3,7.6,6,4,medium,1.4339622641509433,True,False
203,20,male,spain,8.8,2,5.5,6,9,high,0.625,False,False
204,54,male,mexico,9.6,2,3.8,9,2,high,0.3958333333333333,False,False
205,34,non-binary,colombia,5.5,4,8.2,5,9,low,1.4909090909090907,True,False
206,19,non-binary,colombia,8.2,2,7.8,8,5,high,0.951219512195122,False,False
207,19,female,spain,5.6,5,3.7,5,6,low,0.6607142857142858,False,False
208,45,female,spain,7.0,2,9.4,2,3,high,1.342857142857143,True,False
209,40,female,mexico,6.6,5,8.9,6,4,low,1.3484848484848486,True,False
210,54,male,mexico,3.4,6,6.3,9,6,medium,1.8529411764705883,True,True
211,49,male,spain,7.6,3,6.2,3,7,high,0.8157894736842106,False,False
212,50,non-binary,argentina,7.2,4,7.4,1,1,low,1.027777777777778,True,False
213,18,male,colombia,9.2,2,3.8,1,7,high,0.41304347826086957,False,False
214,36,male,peru,7.9,5,6.1,3,1,medium,0.7721518987341771,False,False
215,19,male,mexico,10.4,5,0.6,10,5,low,0.05769230769230769,False,False
216,61,female,mexico,7.2,6,8.2,5,6,high,1.1388888888888888,True,False
217,43,female,spain,6.8,5,2.1,3,2,high,0.3088235294117647,False,False
218,49,non-binary,chile,6.7,1,9.8,9,10,medium,1.462686567164179,True,True
219,23,male,peru,6.3,0,5.2,8,9,medium,0.8253968253968255,False,False
220,49,male,peru,3.7,3,5.5,3,10,low,1.4864864864864864,True,False
221,21,non-binary,mexico,6.7,6,4.4,9,6,high,0.6567164179104478,False,False
222,28,male,argentina,3.9,6,5.3,6,7,high,1.358974358974359,True,False
223,34,male,chile,7.7,2,9.5,7,10,medium,1.2337662337662338,True,False
225,41,non-binary,mexico,5.7,2,9.2,4,10,low,1.6140350877192982,True,False
226,22,non-binary,peru,6.0,2,6.8,2,1,high,1.1333333333333333,True,False
227,51,non-binary,chile,6.7,4,3.0,5,8,high,0.44776119402985076,False,False
228,23,non-binary,chile,7.0,4,3.3,8,4,low,0.4714285714285714,False,False
229,39,female,colombia,8.6,4,10.2,7,10,low,1.1860465116279069,True,False
230,28,female,spain,6.1,1,3.6,7,8,medium,0.5901639344262296,False,False
231,33,male,spain,7.7,2,3.1,6,6,medium,0.4025974025974026,False,False
232,50,male,mexico,11.1,0,8.8,3,9,low,0.7927927927927929,False,False
233,26,male,chile,7.6,3,6.8,5,4,low,0.8947368421052632,False,False
234,23,male,colombia,6.7,4,3.7,1,2,high,0.5522388059701493,False,False
235,33,female,colombia,5.8,4,6.5,7,2,low,1.120689655172414,True,True
236,46,non-binary,peru,6.7,6,3.4,9,5,low,0.5074626865671642,False,False
237,20,female,peru,5.7,2,8.8,1,10,high,1.5438596491228072,True,False
238,37,male,colombia,7.4,2,8.7,2,9,low,1.1756756756756754,True,False
239,53,female,peru,7.2,1,7.3,3,3,medium,1.0138888888888888,True,False
240,36,non-binary,chile,3.8,1,6.9,3,8,medium,1.8157894736842106,True,False
241,43,non-binary,argentina,7.0,4,10.4,8,4,high,1.4857142857142858,True,False
242,20,female,chile,8.6,2,6.0,7,6,low,0.6976744186046512,False,False
243,36,female,colombia,6.4,0,3.0,6,10,medium,0.46875,False,False
244,37,female,colombia,6.0,3,7.1,10,6,medium,1.1833333333333333,True,True
245,49,male,chile,4.9,2,11.2,10,3,medium,2.2857142857142856,True,True
246,24,female,peru,4.2,6,3.5,4,5,medium,0.8333333333333333,False,False
247,58,female,peru,8.2,2,5.1,9,3,low,0.6219512195121951,False,False
248,50,female,spain,6.7,5,7.0,1,1,low,1.044776119402985,True,False
249,57,non-binary,colombia,8.2,1,5.9,2,7,low,0.7195121951219513,False,False
250,56,non-binary,mexico,9.3,6,3.5,4,4,low,0.3763440860215054,False,False
251,35,male,spain,8.4,3,8.8,3,7,medium,1.0476190476190477,True,False
252,57,male,peru,6.2,4,11.8,1,3,high,1.903225806451613,True,False
253,18,non-binary,chile,7.2,6,6.5,5,5,high,0.9027777777777778,False,False
254,28,non-binary,peru,6.1,2,3.7,7,5,medium,0.6065573770491804,False,False
255,45,non-binary,chile,5.9,4,2.1,2,2,medium,0.3559322033898305,False,False
256,42,female,spain,7.5,2,6.6,5,10,high,0.88,False,False
257,40,female,colombia,5.8,4,8.8,6,2,high,1.517241379310345,True,False
258,48,non-binary,peru,3.7,3,7.2,7,4,medium,1.9459459459459458,True,True
259,47,female,chile,5.7,1,6.0,1,4,medium,1.0526315789473684,True,False
260,59,female,colombia,6.5,3,4.5,7,4,low,0.6923076923076923,False,False
261,52,male,mexico,9.3,5,3.3,4,6,low,0.3548387096774193,False,False
262,24,non-binary,chile,6.3,0,8.1,8,2,high,1.2857142857142856,True,True
263,33,non-binary,spain,7.8,1,8.3,4,6,medium,1.0641025641025643,True,False
264,43,female,mexico,6.7,3,2.1,6,7,high,0.31343283582089554,False,False
265,19,non-binary,mexico,8.8,5,10.0,9,10,low,1.1363636363636362,True,False
266,18,male,argentina,8.7,0,7.4,5,3,low,0.8505747126436782,False,False
267,29,male,peru,8.8,5,9.5,4,8,high,1.0795454545454544,True,False
268,22,male,chile,4.4,2,2.6,8,2,low,0.5909090909090908,False,False
269,54,non-binary,mexico,7.3,2,2.6,9,8,medium,0.35616438356164387,False,False
270,49,non-binary,argentina,8.1,4,5.6,4,5,high,0.691358024691358,False,False
271,26,non-binary,spain,7.6,1,7.3,3,2,medium,0.9605263157894737,False,False
272,58,non-binary,colombia,8.0,2,10.5,8,7,medium,1.3125,True,False
273,52,non-binary,chile,7.1,6,7.8,5,2,low,1.0985915492957747,True,False
274,36,male,mexico,5.9,5,5.4,2,6,medium,0.9152542372881356,False,False
275,33,female,peru,4.5,1,3.4,10,10,high,0.7555555555555555,False,False
276,20,male,argentina,6.0,6,9.1,9,3,medium,1.5166666666666666,True,True
277,37,non-binary,mexico,11.0,2,3.6,3,9,medium,0.32727272727272727,False,False
278,41,male,peru,6.3,4,10.1,2,3,medium,1.6031746031746033,True,False
279,50,non-binary,mexico,4.1,3,5.3,1,3,medium,1.2926829268292683,True,False
280,41,non-binary,chile,8.1,4,10.0,8,5,medium,1.234567901234568,True,False
281,28,male,chile,8.3,6,7.7,3,7,low,0.927710843373494,False,False
282,25,non-binary,chile,8.9,0,5.7,7,8,high,0.6404494382022472,False,False
283,53,female,spain,7.7,2,4.7,1,7,low,0.6103896103896104,False,False
284,55,non-binary,spain,8.3,6,5.1,1,9,high,0.6144578313253011,False,False
285,57,female,argentina,9.8,0,7.1,9,5,high,0.7244897959183673,False,False
286,37,female,chile,5.9,0,6.2,8,10,high,1.0508474576271185,True,True
287,52,non-binary,peru,5.6,5,4.5,3,3,high,0.8035714285714286,False,False
288,42,male,mexico,5.4,1,5.6,6,6,high,1.037037037037037,True,False
289,52,female,colombia,6.6,5,6.2,3,5,medium,0.9393939393939394,False,False
290,42,male,peru,9.2,2,0.7,4,4,low,0.07608695652173914,False,False
291,46,female,spain,7.8,0,7.1,1,2,low,0.9102564102564102,False,False
292,35,non-binary,spain,7.7,6,3.6,5,7,medium,0.4675324675324675,False,False
293,63,non-binary,peru,4.3,3,3.1,1,5,high,0.7209302325581396,False,False
294,35,female,spain,6.0,0,1.8,1,4,low,0.3,False,False
295,19,non-binary,chile,4.2,6,1.5,10,8,medium,0.35714285714285715,False,False
296,52,female,argentina,8.8,3,2.6,7,9,medium,0.2954545454545454,False,False
297,33,non-binary,mexico,9.4,5,4.2,6,9,low,0.44680851063829785,False,False
298,58,male,argentina,8.2,5,10.9,2,3,low,1.329268292682927,True,False
299,53,non-binary,mexico,5.5,1,4.7,2,3,high,0.8545454545454546,False,False
300,50,male,mexico,9.2,6,6.4,7,5,high,0.6956521739130436,False,False
301,21,non-binary,argentina,6.6,0,7.0,1,5,low,1.0606060606060606,True,False
302,50,male,peru,5.2,4,6.3,2,10,high,1.2115384615384615,True,False
303,31,non-binary,mexico,5.6,5,5.8,8,2,medium,1.0357142857142858,True,False
304,38,male,argentina,6.4,5,3.0,6,1,high,0.46875,False,False
305,37,female,mexico,7.1,1,9.6,2,8,high,1.352112676056338,True,False
306,25,female,colombia,6.8,3,10.5,7,3,medium,1.5441176470588236,True,True
307,24,male,peru,4.9,1,1.8,4,1,high,0.36734693877551017,False,False
308,20,non-binary,chile,8.8,0,3.4,2,1,medium,0.3863636363636363,False,False
309,34,male,mexico,6.8,6,5.3,6,2,high,0.7794117647058824,False,False
310,50,non-binary,colombia,5.9,2,3.6,9,6,low,0.6101694915254237,False,False
311,29,female,chile,8.7,2,7.3,9,6,high,0.839080459770115,False,False
312,39,non-binary,chile,5.2,6,4.2,8,3,low,0.8076923076923077,False,False
313,39,female,mexico,4.6,3,11.4,3,4,low,2.4782608695652177,True,False
314,63,non-binary,argentina,8.9,5,9.0,3,2,low,1.0112359550561798,True,False
315,47,non-binary,mexico,9.8,3,6.5,2,2,low,0.6632653061224489,False,False
316,55,non-binary,colombia,6.3,5,8.6,5,7,low,1.3650793650793651,True,False
317,55,male,chile,6.9,5,8.8,4,1,medium,1.2753623188405798,True,False
318,62,male,mexico,5.3,2,4.6,7,7,medium,0.8679245283018867,False,False
319,25,female,argentina,7.0,3,4.0,4,1,medium,0.5714285714285714,False,False
320,44,female,mexico,6.3,1,6.2,9,6,low,0.9841269841269842,False,True
321,44,male,peru,6.8,5,8.2,2,3,high,1.2058823529411764,True,False
322,51,female,argentina,7.6,4,6.3,6,8,medium,0.8289473684210527,False,False
323,38,male,colombia,5.4,4,2.1,7,6,high,0.3888888888888889,False,False
324,47,non-binary,chile,6.5,1,4.0,4,2,high,0.6153846153846154,False,False
325,50,female,mexico,4.3,4,5.8,6,8,low,1.3488372093023255,True,False
326,45,female,argentina,6.5,0,5.8,7,5,low,0.8923076923076922,False,False
327,64,male,peru,6.9,5,10.9,4,8,low,1.5797101449275361,True,False
328,50,female,argentina,7.3,1,2.5,8,8,medium,0.3424657534246575,False,False
329,22,female,spain,7.4,3,7.3,9,6,low,0.9864864864864864,False,False
330,36,non-binary,peru,8.4,5,9.7,1,2,medium,1.1547619047619047,True,False
331,21,female,colombia,4.7,1,11.7,7,8,medium,2.4893617021276593,True,True
332,52,non-binary,chile,4.8,2,5.0,9,6,medium,1.0416666666666667,True,False
333,34,male,colombia,7.8,3,7.2,10,6,medium,0.9230769230769231,False,False
334,61,female,mexico,3.9,2,7.4,5,8,low,1.8974358974358976,True,False
335,45,non-binary,argentina,7.3,5,6.5,2,1,medium,0.8904109589041096,False,False
336,47,male,spain,5.2,3,5.8,10,2,low,1.1153846153846154,True,False
337,46,female,peru,9.4,4,7.1,6,9,low,0.7553191489361701,False,False
339,23,female,argentina,6.7,5,7.7,2,7,low,1.1492537313432836,True,False
340,52,male,spain,8.8,0,6.3,2,7,high,0.7159090909090908,False,False
341,58,male,argentina,5.4,3,5.4,10,5,low,1.0,False,False
342,54,non-binary,mexico,5.7,3,11.1,10,2,low,1.9473684210526314,True,True
343,41,male,colombia,5.1,6,4.3,1,6,medium,0.8431372549019608,False,False
344,46,female,peru,5.7,5,5.0,4,10,medium,0.8771929824561403,False,False
345,63,female,mexico,7.1,5,11.0,7,3,low,1.5492957746478875,True,False
346,48,non-binary,colombia,7.7,2,3.9,9,4,medium,0.5064935064935064,False,False
347,52,female,mexico,8.4,6,4.6,3,10,high,0.5476190476190476,False,False
348,50,female,spain,4.3,4,5.6,7,2,high,1.3023255813953487,True,False
349,38,female,peru,6.7,2,8.1,7,2,medium,1.208955223880597,True,True
350,49,male,argentina,5.3,6,6.5,7,8,low,1.2264150943396226,True,True
351,40,male,argentina,6.7,2,2.8,2,8,high,0.417910447761194,False,False
352,50,female,colombia,10.5,4,4.7,6,10,high,0.44761904761904764,False,False
353,20,non-binary,chile,7.4,6,4.5,2,6,low,0.6081081081081081,False,False
354,35,male,spain,8.3,6,5.8,6,5,medium,0.6987951807228915,False,False
355,42,non-binary,colombia,9.9,0,7.1,10,8,high,0.7171717171717171,False,False
356,59,female,chile,8.7,2,7.0,3,4,low,0.8045977011494253,False,False
357,48,female,mexico,6.3,2,1.6,2,4,low,0.253968253968254,False,False
358,20,male,spain,5.1,3,8.7,6,5,high,1.7058823529411764,True,False
359,57,female,mexico,7.0,4,6.6,2,1,medium,0.9428571428571428,False,False
360,63,male,peru,6.1,1,9.5,5,1,high,1.557377049180328,True,False
361,41,female,spain,4.7,0,7.1,2,2,low,1.5106382978723403,True,False
362,49,female,chile,7.4,6,8.8,3,8,high,1.1891891891891893,True,False
363,64,male,peru,7.4,6,7.2,3,7,medium,0.9729729729729729,False,False
364,39,male,argentina,9.7,6,9.4,6,10,low,0.9690721649484537,False,False
365,40,male,chile,6.5,0,7.3,6,9,medium,1.123076923076923,True,False
366,19,female,colombia,7.4,6,5.8,10,5,high,0.7837837837837838,False,False
367,44,female,argentina,6.0,6,11.7,3,2,high,1.95,True,False
368,59,non-binary,argentina,8.3,4,8.2,3,7,medium,0.9879518072289155,False,False
369,19,male,colombia,6.8,5,7.4,1,8,high,1.0882352941176472,True,False
370,43,female,spain,5.2,5,2.8,7,7,medium,0.5384615384615384,False,False
371,34,female,argentina,7.0,3,2.8,8,7,high,0.39999999999999997,False,False
372,57,male,chile,7.6,3,6.7,2,5,medium,0.8815789473684211,False,False
373,50,non-binary,peru,7.4,6,6.4,4,2,medium,0.8648648648648649,False,False
374,26,male,argentina,8.6,4,4.5,10,6,low,0.5232558139534884,False,False
375,60,non-binary,chile,4.8,6,6.4,7,4,low,1.3333333333333335,True,True
376,56,female,mexico,5.7,3,10.0,8,10,medium,1.7543859649122806,True,True
377,46,non-binary,chile,8.0,0,7.7,1,2,high,0.9625,False,False
378,59,female,peru,5.9,0,3.1,4,9,high,0.5254237288135593,False,False
379,43,male,chile,7.4,1,5.7,6,7,high,0.7702702702702703,False,False
380,52,male,colombia,3.4,5,4.0,3,6,medium,1.1764705882352942,True,False
381,42,male,peru,11.1,4,5.0,5,5,medium,0.45045045045045046,False,False
382,41,non-binary,spain,6.6,2,5.0,10,3,medium,0.7575757575757576,False,False
383,30,female,mexico,8.8,5,4.8,9,10,medium,0.5454545454545454,False,False
384,24,male,colombia,6.5,2,2.9,3,10,low,0.4461538461538461,False,False
385,53,male,spain,7.6,1,5.7,5,4,medium,0.7500000000000001,False,False
386,62,female,chile,9.2,1,4.6,8,3,high,0.5,False,False
388,18,female,mexico,6.7,3,11.1,4,3,high,1.6567164179104477,True,False
389,25,female,colombia,6.8,1,8.7,8,7,medium,1.2794117647058822,True,True
390,63,female,spain,8.5,1,5.1,3,7,low,0.6,False,False
391,33,female,spain,10.5,2,6.0,3,7,medium,0.5714285714285714,False,False
392,31,female,mexico,7.3,3,3.1,4,7,low,0.4246575342465754,False,False
393,29,non-binary,chile,9.9,1,10.2,9,2,high,1.0303030303030303,True,False
394,40,male,mexico,6.6,5,10.7,5,10,medium,1.621212121212121,True,False
395,32,non-binary,spain,8.4,1,6.4,8,3,medium,0.7619047619047619,False,False
396,45,male,argentina,8.7,3,8.6,6,10,low,0.9885057471264368,False,False
397,51,non-binary,colombia,6.4,6,6.4,3,9,low,1.0,False,False
398,19,female,mexico,5.9,4,2.7,8,3,medium,0.4576271186440678,False,False
399,49,male,spain,8.7,3,5.0,9,2,low,0.574712643678161,False,False
400,40,male,chile,6.2,2,6.3,8,9,medium,1.0161290322580645,True,True
401,39,non-binary,spain,5.7,4,4.9,4,10,low,0.8596491228070176,False,False
402,42,non-binary,chile,6.0,5,5.5,6,9,high,0.9166666666666666,False,False
403,39,male,mexico,6.2,0,5.8,1,4,low,0.9354838709677419,False,False
404,39,non-binary,chile,8.3,3,5.8,4,9,high,0.6987951807228915,False,False
405,59,non-binary,peru,7.8,6,6.1,8,3,low,0.782051282051282,False,False
406,23,non-binary,peru,8.1,2,3.3,1,7,low,0.4074074074074074,False,False
407,32,female,peru,7.6,5,4.2,3,7,medium,0.5526315789473685,False,False
408,60,female,argentina,6.1,4,2.8,1,8,low,0.45901639344262296,False,False
409,54,non-binary,mexico,8.0,5,8.4,9,10,low,1.05,True,False
410,50,non-binary,spain,8.8,3,0.7,2,4,high,0.07954545454545453,False,False
411,25,female,spain,7.9,1,8.9,9,3,low,1.1265822784810127,True,False
412,61,female,argentina,7.7,6,9.5,4,3,medium,1.2337662337662338,True,False
413,61,male,chile,5.8,3,5.2,2,5,high,0.896551724137931,False,False
415,56,female,chile,5.8,3,5.1,10,10,medium,0.8793103448275862,False,False
416,21,non-binary,chile,7.0,4,5.8,6,3,medium,0.8285714285714285,False,False
417,23,non-binary,colombia,4.5,4,3.5,7,6,medium,0.7777777777777778,False,False
418,62,non-binary,spain,4.6,3,4.7,3,3,high,1.0217391304347827,True,False
419,49,non-binary,peru,6.7,4,9.8,3,5,low,1.462686567164179,True,False
420,47,male,chile,6.2,1,7.7,10,9,medium,1.2419354838709677,True,True
421,64,female,colombia,7.2,5,3.7,8,2,high,0.513888888888889,False,False
422,52,non-binary,spain,6.8,3,2.0,5,2,medium,0.29411764705882354,False,False
423,57,male,peru,7.0,6,5.2,4,6,low,0.7428571428571429,False,False
424,33,non-binary,chile,7.9,1,5.5,7,6,high,0.6962025316455696,False,False
425,30,female,chile,6.3,5,7.2,7,8,high,1.142857142857143,True,True
426,59,male,argentina,6.7,6,4.7,9,2,low,0.7014925373134329,False,False
427,47,female,argentina,9.2,6,7.3,9,9,high,0.7934782608695653,False,False
428,36,female,spain,7.0,6,10.8,5,2,low,1.542857142857143,True,False
429,34,male,peru,6.7,5,8.0,8,1,high,1.1940298507462686,True,True
430,36,male,chile,7.1,1,5.9,10,10,high,0.8309859154929579,False,False
431,45,male,spain,6.8,6,5.5,1,2,low,0.8088235294117647,False,False
432,43,male,spain,5.9,6,5.1,9,7,low,0.8644067796610169,False,False
433,54,male,mexico,5.5,2,9.0,8,8,high,1.6363636363636365,True,True
434,43,male,argentina,5.9,3,4.4,6,5,high,0.7457627118644068,False,False
435,40,male,peru,8.3,5,6.1,3,6,low,0.7349397590361445,False,False
436,26,non-binary,chile,6.1,5,6.1,3,1,low,1.0,False,False
437,29,female,spain,6.8,4,4.7,8,6,high,0.6911764705882354,False,False
438,18,male,chile,8.1,5,2.6,5,8,high,0.3209876543209877,False,False
439,18,non-binary,mexico,6.6,1,6.8,10,3,high,1.0303030303030303,True,True
440,64,non-binary,peru,8.0,5,5.8,7,1,low,0.725,False,False
441,51,non-binary,spain,4.7,2,7.3,5,4,high,1.553191489361702,True,False
442,49,female,chile,6.8,3,4.7,8,1,medium,0.6911764705882354,False,False
443,42,male,argentina,7.1,3,9.1,10,8,low,1.2816901408450705,True,False
444,57,non-binary,mexico,7.0,5,3.8,10,5,high,0.5428571428571428,False,False
445,62,female,peru,4.5,6,10.3,4,1,low,2.288888888888889,True,False
446,18,female,mexico,8.8,0,1.6,2,8,medium,0.18181818181818182,False,False
447,33,female,argentina,5.7,0,7.1,3,9,low,1.2456140350877192,True,False
448,56,non-binary,peru,7.5,6,7.2,8,10,high,0.9600000000000001,False,False
449,22,male,mexico,7.0,6,4.0,7,2,medium,0.5714285714285714,False,False
450,39,non-binary,colombia,8.5,6,7.1,2,9,medium,0.8352941176470587,False,False
451,46,non-binary,argentina,10.3,1,9.2,6,8,high,0.8932038834951455,False,False
452,20,male,argentina,5.1,0,0.5,9,7,high,0.09803921568627452,False,False
453,29,male,argentina,6.0,6,7.3,4,3,high,1.2166666666666666,True,False
455,33,female,colombia,5.3,4,3.6,2,7,low,0.679245283018868,False,False
456,54,male,chile,8.2,1,10.1,2,5,low,1.2317073170731707,True,False
457,39,non-binary,spain,8.3,0,4.5,9,6,high,0.5421686746987951,False,False
458,46,male,mexico,7.8,5,3.1,7,4,high,0.39743589743589747,False,False
459,31,non-binary,chile,7.4,4,5.5,7,2,low,0.7432432432432432,False,False
460,45,female,mexico,9.1,0,11.2,1,9,medium,1.2307692307692308,True,False
461,22,non-binary,spain,5.3,1,1.4,6,3,low,0.2641509433962264,False,False
462,64,non-binary,colombia,7.1,2,3.4,7,7,medium,0.47887323943661975,False,False
463,47,male,spain,5.9,3,9.7,6,8,high,1.6440677966101693,True,False
464,63,male,colombia,8.3,0,10.6,6,2,high,1.2771084337349397,True,False
465,22,non-binary,spain,4.2,6,5.7,2,6,low,1.3571428571428572,True,False
466,29,male,chile,7.0,1,2.9,6,8,low,0.41428571428571426,False,False
467,33,female,peru,7.5,6,11.2,4,7,high,1.4933333333333332,True,False
468,43,female,chile,5.6,6,10.0,9,3,low,1.7857142857142858,True,True
469,43,male,mexico,6.1,6,7.7,1,1,high,1.2622950819672132,True,False
470,38,female,chile,7.0,6,4.0,8,6,high,0.5714285714285714,False,False
471,56,male,argentina,8.4,6,5.9,5,8,medium,0.7023809523809524,False,False
472,53,non-binary,mexico,5.5,4,5.6,1,6,low,1.018181818181818,True,False
473,50,non-binary,spain,5.7,0,6.8,4,5,high,1.1929824561403508,True,False
474,47,female,mexico,8.7,0,9.6,1,8,low,1.103448275862069,True,False
475,54,male,peru,6.6,3,8.2,6,2,medium,1.2424242424242424,True,False
476,40,male,colombia,5.8,1,3.3,2,1,medium,0.5689655172413793,False,False
477,27,female,spain,8.1,2,9.4,5,1,low,1.1604938271604939,True,False
478,22,non-binary,mexico,6.3,4,6.8,7,4,low,1.0793650793650793,True,True
479,53,female,spain,8.5,1,7.7,2,6,high,0.9058823529411765,False,False
480,51,non-binary,spain,6.0,4,9.7,6,9,medium,1.6166666666666665,True,False
481,48,male,spain,6.8,0,3.2,6,1,medium,0.4705882352941177,False,False
482,27,non-binary,colombia,8.4,6,5.9,5,1,medium,0.7023809523809524,False,False
483,36,female,chile,6.7,3,4.7,5,5,low,0.7014925373134329,False,False
484,49,male,spain,8.1,3,2.1,3,10,high,0.2592592592592593,False,False
485,18,female,argentina,6.9,5,6.9,10,5,low,1.0,False,True
486,22,female,peru,10.0,2,12.3,10,5,low,1.23,True,False
487,62,non-binary,colombia,9.4,3,1.4,2,10,low,0.14893617021276595,False,False
488,21,female,mexico,5.0,6,5.9,7,6,high,1.1800000000000002,True,False
489,33,non-binary,colombia,7.8,0,7.6,1,8,low,0.9743589743589743,False,False
490,41,male,mexico,5.8,2,6.3,6,3,medium,1.0862068965517242,True,False
491,33,non-binary,colombia,7.3,1,5.7,6,9,medium,0.7808219178082192,False,False
492,19,male,mexico,7.1,6,2.8,3,1,medium,0.39436619718309857,False,False
493,45,non-binary,spain,5.4,6,6.6,2,4,high,1.222222222222222,True,False
494,49,female,chile,8.6,3,4.1,2,9,low,0.4767441860465116,False,False
495,44,non-binary,mexico,7.3,2,0.5,9,8,high,0.0684931506849315,False,False
496,37,non-binary,mexico,6.6,0,9.0,5,10,low,1.3636363636363638,True,False
497,41,male,argentina,6.3,5,8.4,7,9,medium,1.3333333333333335,True,True
498,29,female,mexico,7.2,4,6.1,5,1,low,0.8472222222222221,False,False
499,52,non-binary,argentina,7.6,4,6.6,7,9,low,0.868421052631579,False,False
500,50,female,peru,6.8,0,8.7,4,3,low,1.2794117647058822,True,False
501,50,non-binary,spain,2.8,0,6.6,8,10,high,2.357142857142857,True,True
502,60,non-binary,argentina,7.0,4,8.3,10,9,low,1.1857142857142857,True,False
503,54,female,chile,4.8,5,5.3,10,1,low,1.1041666666666667,True,False
504,29,non-binary,spain,6.7,2,9.3,7,1,low,1.3880597014925373,True,True
505,20,female,argentina,4.9,4,6.8,10,9,high,1.387755102040816,True,True
506,18,non-binary,spain,4.9,0,6.5,5,6,high,1.3265306122448979,True,False
507,50,male,spain,8.9,3,2.8,6,4,high,0.3146067415730337,False,False
508,57,female,spain,6.5,1,6.7,5,7,low,1.0307692307692309,True,False
509,27,non-binary,peru,6.4,5,3.9,7,5,medium,0.609375,False,False
510,60,non-binary,chile,7.7,6,4.4,2,10,medium,0.5714285714285715,False,False
511,61,male,colombia,6.4,5,4.0,5,7,medium,0.625,False,False
512,46,female,colombia,10.2,3,3.3,10,8,low,0.3235294117647059,False,False
513,30,non-binary,argentina,6.6,3,11.3,3,8,medium,1.7121212121212124,True,False
514,29,male,spain,7.5,6,9.3,9,1,medium,1.24,True,False
515,48,non-binary,argentina,8.5,0,10.8,6,8,medium,1.2705882352941178,True,False
516,63,female,peru,9.4,4,2.9,10,6,low,0.30851063829787234,False,False
517,19,non-binary,peru,5.9,2,6.2,3,4,medium,1.0508474576271185,True,False
518,52,non-binary,mexico,6.4,5,2.8,7,8,medium,0.43749999999999994,False,False
519,40,non-binary,peru,8.9,6,4.3,4,3,low,0.4831460674157303,False,False
520,34,non-binary,mexico,8.2,5,3.7,3,4,high,0.451219512195122,False,False
521,43,male,chile,8.6,3,9.1,8,6,medium,1.058139534883721,True,False
522,25,male,argentina,4.9,4,5.0,4,7,high,1.0204081632653061,True,False
523,46,female,chile,9.3,5,8.7,1,4,medium,0.9354838709677418,False,False
524,43,male,peru,5.9,2,7.5,6,4,low,1.271186440677966,True,False
525,27,male,chile,7.3,3,11.8,10,7,high,1.6164383561643838,True,False
526,43,female,chile,6.8,2,2.3,1,6,high,0.338235294117647,False,False
527,51,male,chile,5.7,4,9.1,5,8,high,1.5964912280701753,True,False
528,58,male,peru,4.9,5,8.9,7,1,high,1.816326530612245,True,True
529,24,female,spain,4.4,1,3.6,6,10,medium,0.8181818181818181,False,False
530,21,female,chile,7.2,5,8.5,2,7,medium,1.1805555555555556,True,False
531,62,female,mexico,4.7,4,6.8,4,7,high,1.4468085106382977,True,False
532,28,non-binary,peru,5.3,5,5.4,2,7,medium,1.0188679245283019,True,False
533,46,non-binary,chile,6.7,6,3.9,1,7,high,0.582089552238806,False,False
534,53,female,spain,3.0,5,4.2,3,10,high,1.4000000000000001,True,False
535,42,female,peru,8.2,0,11.1,3,10,low,1.353658536585366,True,False
536,38,female,colombia,3.4,5,6.0,7,8,high,1.7647058823529411,True,False
537,53,non-binary,spain,6.9,5,8.0,1,9,medium,1.1594202898550725,True,False
538,27,non-binary,mexico,7.0,2,4.0,9,9,high,0.5714285714285714,False,False
539,54,male,chile,7.8,1,4.1,6,2,low,0.5256410256410257,False,False
540,26,male,colombia,6.9,2,8.7,4,7,medium,1.2608695652173911,True,False
541,41,female,colombia,10.0,2,2.6,3,7,low,0.26,False,False
542,52,non-binary,peru,7.3,3,5.0,3,4,low,0.684931506849315,False,False
543,52,non-binary,colombia,8.6,0,6.1,2,9,high,0.7093023255813954,False,False
544,53,non-binary,mexico,5.9,2,6.3,2,8,low,1.0677966101694913,True,False
545,35,female,mexico,7.2,6,5.6,10,1,low,0.7777777777777777,False,False
546,56,male,argentina,9.3,4,7.0,5,2,medium,0.7526881720430108,False,False
547,49,female,mexico,6.6,6,7.7,9,2,low,1.1666666666666667,True,True
548,41,male,spain,7.3,4,7.8,2,8,high,1.0684931506849316,True,False
549,40,male,colombia,8.5,5,3.5,2,1,high,0.4117647058823529,False,False
550,49,female,mexico,5.9,3,5.3,6,4,high,0.8983050847457626,False,False
551,54,male,peru,3.8,0,9.0,10,10,low,2.368421052631579,True,True
552,29,male,argentina,7.4,6,8.2,2,5,medium,1.108108108108108,True,False
553,30,non-binary,colombia,8.5,0,2.6,4,9,high,0.3058823529411765,False,False
554,40,male,argentina,5.0,6,6.9,6,7,low,1.3800000000000001,True,False
555,42,female,colombia,8.0,5,1.1,5,8,high,0.1375,False,False
556,52,female,peru,8.0,4,6.1,1,9,high,0.7625,False,False
557,58,male,argentina,3.6,1,10.7,6,7,medium,2.972222222222222,True,False
558,47,non-binary,chile,5.6,3,3.6,1,5,high,0.6428571428571429,False,False
559,34,non-binary,spain,6.4,6,3.9,3,5,medium,0.609375,False,False
560,37,male,spain,6.7,6,7.9,10,10,low,1.1791044776119404,True,True
561,42,male,colombia,5.9,5,2.1,5,6,high,0.3559322033898305,False,False
562,39,female,chile,5.8,3,4.4,10,5,low,0.7586206896551725,False,False
563,30,male,argentina,9.5,4,7.5,5,9,low,0.7894736842105263,False,False
564,36,non-binary,chile,6.8,4,4.4,10,3,low,0.6470588235294118,False,False
565,53,male,chile,6.0,6,5.4,6,3,high,0.9,False,False
566,29,female,argentina,6.9,1,7.9,10,7,medium,1.144927536231884,True,True
567,58,female,peru,7.8,1,7.1,8,7,high,0.9102564102564102,False,False
568,36,female,chile,7.1,0,6.7,5,6,low,0.943661971830986,False,False
569,29,female,chile,6.7,3,5.2,1,3,medium,0.7761194029850746,False,False
570,26,female,peru,6.0,3,6.9,5,7,low,1.1500000000000001,True,False
571,24,male,chile,6.0,4,5.7,3,5,medium,0.9500000000000001,False,False
572,45,male,chile,6.1,0,7.1,4,7,high,1.1639344262295082,True,False
573,31,male,chile,7.5,5,4.8,8,2,medium,0.64,False,False
574,48,male,spain,5.5,3,5.5,7,6,high,1.0,False,False
575,36,female,mexico,7.6,0,3.5,5,8,low,0.46052631578947373,False,False
576,64,non-binary,peru,9.1,0,5.9,2,1,medium,0.6483516483516484,False,False
577,33,male,chile,7.5,6,4.0,6,4,low,0.5333333333333333,False,False
578,22,non-binary,spain,6.4,4,3.2,6,1,medium,0.5,False,False
579,52,male,peru,5.1,0,6.6,10,1,high,1.2941176470588236,True,True
580,29,male,colombia,9.4,1,6.5,10,10,medium,0.6914893617021276,False,False
581,42,non-binary,colombia,5.2,1,8.0,6,8,medium,1.5384615384615383,True,False
582,38,female,chile,8.3,2,4.9,9,7,high,0.5903614457831325,False,False
583,53,male,spain,8.0,4,7.0,8,10,high,0.875,False,False
584,40,male,spain,6.6,6,7.4,8,1,high,1.1212121212121213,True,True
585,33,male,peru,6.6,5,7.1,1,2,medium,1.0757575757575757,True,False
586,56,non-binary,peru,4.2,2,3.9,5,4,low,0.9285714285714285,False,False
587,62,female,spain,7.5,1,6.4,7,1,medium,0.8533333333333334,False,False
588,59,non-binary,peru,7.9,6,6.9,6,3,medium,0.8734177215189873,False,False
589,56,non-binary,spain,5.4,2,6.0,5,8,low,1.111111111111111,True,False
590,31,female,mexico,6.8,4,0.8,8,8,high,0.11764705882352942,False,False
591,48,non-binary,spain,7.1,6,6.4,3,8,medium,0.9014084507042255,False,False
592,22,female,colombia,7.9,4,11.5,6,6,low,1.4556962025316456,True,False
593,52,male,peru,7.0,0,5.1,5,6,high,0.7285714285714285,False,False
594,40,female,spain,4.6,3,4.2,8,5,high,0.9130434782608696,False,False
595,46,male,spain,6.2,0,6.9,4,9,medium,1.1129032258064517,True,False
596,60,non-binary,peru,7.3,4,6.8,8,4,high,0.9315068493150684,False,False
597,28,non-binary,mexico,8.3,6,9.0,10,10,high,1.0843373493975903,True,False
598,35,male,mexico,6.1,1,2.9,2,7,low,0.4754098360655738,False,False
599,64,non-binary,peru,10.3,5,7.8,9,1,low,0.7572815533980581,False,False
600,29,female,argentina,4.2,1,7.5,9,9,high,1.7857142857142856,True,True
601,26,male,peru,6.2,6,5.6,10,7,low,0.9032258064516128,False,False
602,27,non-binary,peru,6.9,0,6.8,10,10,high,0.9855072463768115,False,True
603,61,male,mexico,6.7,5,8.6,6,9,medium,1.2835820895522387,True,False
604,34,female,mexico,5.2,6,8.2,4,7,low,1.5769230769230766,True,False
605,55,female,peru,7.7,4,3.1,4,2,high,0.4025974025974026,False,False
606,24,non-binary,peru,7.6,1,8.1,6,6,high,1.0657894736842106,True,False
607,63,female,peru,7.1,4,5.8,5,10,low,0.8169014084507042,False,False
608,30,male,mexico,7.5,5,6.2,6,4,low,0.8266666666666667,False,False
609,57,female,peru,6.4,5,6.2,7,3,medium,0.96875,False,True
610,59,male,peru,4.6,1,5.6,7,2,high,1.2173913043478262,True,False
611,26,male,chile,5.9,4,9.0,9,6,medium,1.5254237288135593,True,True
612,44,female,argentina,7.2,2,5.8,8,8,medium,0.8055555555555555,False,False
613,19,non-binary,colombia,7.2,4,3.2,6,6,medium,0.4444444444444445,False,False
614,22,female,argentina,7.1,5,5.0,6,9,low,0.7042253521126761,False,False
615,46,male,chile,7.8,4,6.4,5,5,medium,0.8205128205128206,False,False
616,54,male,colombia,6.1,6,9.1,1,2,low,1.4918032786885247,True,False
617,55,female,peru,7.0,0,7.5,9,8,low,1.0714285714285714,True,False
618,36,non-binary,chile,7.9,2,3.9,9,9,medium,0.49367088607594933,False,False
619,25,non-binary,peru,6.9,3,12.2,9,10,medium,1.7681159420289854,True,True
620,62,male,mexico,5.1,6,6.7,8,4,high,1.3137254901960786,True,True
621,18,male,spain,5.6,0,9.2,10,6,medium,1.6428571428571428,True,True
622,39,non-binary,chile,8.2,3,5.6,3,10,high,0.6829268292682927,False,False
623,34,female,mexico,9.1,1,7.3,1,8,medium,0.8021978021978022,False,False
624,24,male,chile,8.8,3,8.1,8,9,medium,0.9204545454545453,False,False
625,42,male,chile,7.3,6,9.0,7,5,medium,1.2328767123287672,True,False
626,62,non-binary,mexico,5.2,4,8.6,5,6,medium,1.6538461538461537,True,False
627,21,female,colombia,7.0,6,8.2,10,4,high,1.1714285714285713,True,False
628,53,non-binary,argentina,9.3,3,5.2,7,5,high,0.5591397849462365,False,False
629,23,female,peru,7.9,5,4.6,10,7,medium,0.5822784810126581,False,False
630,48,female,chile,6.7,0,6.8,4,9,medium,1.0149253731343284,True,False
631,36,female,peru,7.9,0,8.3,9,10,high,1.0506329113924051,True,False
632,61,male,spain,5.1,3,5.4,10,6,low,1.058823529411765,True,False
633,56,non-binary,mexico,6.0,0,8.7,2,6,low,1.45,True,False
634,44,non-binary,peru,5.4,5,9.6,9,8,low,1.7777777777777777,True,True
635,27,female,mexico,7.7,6,3.7,9,4,high,0.4805194805194805,False,False
636,43,male,peru,8.1,0,3.9,5,3,high,0.4814814814814815,False,False
637,36,male,argentina,6.8,3,5.6,1,7,low,0.8235294117647058,False,False
638,56,non-binary,argentina,5.7,2,6.8,7,5,low,1.1929824561403508,True,True
639,20,male,argentina,7.0,2,4.7,10,2,medium,0.6714285714285715,False,False
640,62,male,argentina,6.3,1,9.4,10,2,high,1.492063492063492,True,True
641,30,female,argentina,5.8,0,7.1,4,6,high,1.2241379310344827,True,False
642,45,male,argentina,7.5,6,6.1,9,8,low,0.8133333333333332,False,False
643,37,female,mexico,5.9,3,2.4,6,1,low,0.4067796610169491,False,False
644,45,non-binary,chile,4.7,0,2.7,3,6,high,0.574468085106383,False,False
645,25,male,peru,5.0,4,6.7,6,2,medium,1.34,True,False
646,58,non-binary,argentina,4.6,5,0.7,10,2,low,0.15217391304347827,False,False
647,56,non-binary,mexico,7.4,0,8.5,6,7,high,1.1486486486486487,True,False
648,18,male,mexico,7.2,0,5.6,5,10,high,0.7777777777777777,False,False
649,20,male,mexico,7.2,2,14.1,2,1,medium,1.9583333333333333,True,False
650,30,non-binary,chile,7.9,5,11.8,10,6,medium,1.4936708860759493,True,False
651,45,male,peru,8.8,3,5.5,10,7,low,0.625,False,False
652,42,female,chile,6.1,0,5.7,2,8,low,0.9344262295081968,False,False
653,50,female,colombia,7.6,2,8.5,7,7,low,1.118421052631579,True,False
654,55,male,mexico,4.6,1,10.3,2,6,high,2.239130434782609,True,False
655,23,non-binary,colombia,9.1,5,1.9,6,9,low,0.2087912087912088,False,False
656,61,male,spain,5.1,2,1.5,5,3,high,0.29411764705882354,False,False
657,62,male,argentina,5.9,2,4.4,4,6,low,0.7457627118644068,False,False
658,49,non-binary,argentina,6.1,6,7.5,7,4,medium,1.2295081967213115,True,True
659,62,non-binary,chile,4.7,2,7.2,8,2,medium,1.5319148936170213,True,True
660,64,female,peru,7.0,6,8.7,4,1,high,1.2428571428571427,True,False
661,38,non-binary,colombia,7.3,0,3.0,1,1,medium,0.4109589041095891,False,False
662,33,female,peru,6.7,0,0.2,1,10,high,0.029850746268656716,False,False
663,38,non-binary,chile,4.7,1,8.1,1,3,high,1.7234042553191489,True,False
664,28,male,argentina,10.0,4,3.9,1,4,medium,0.39,False,False
665,54,female,peru,7.8,4,1.0,5,2,high,0.12820512820512822,False,False
666,53,female,peru,11.0,4,6.4,4,1,medium,0.5818181818181819,False,False
667,52,female,argentina,5.8,6,8.0,9,4,low,1.3793103448275863,True,True
668,36,male,colombia,8.4,5,5.7,3,7,low,0.6785714285714286,False,False
669,37,male,argentina,8.2,5,4.9,7,10,medium,0.5975609756097562,False,False
670,35,male,peru,6.6,1,5.6,8,6,medium,0.8484848484848485,False,False
671,64,male,colombia,9.1,5,5.1,6,6,medium,0.5604395604395604,False,False
672,58,male,colombia,6.4,4,2.6,10,9,medium,0.40625,False,False
673,31,female,argentina,6.5,4,4.2,1,2,low,0.6461538461538462,False,False
674,32,male,peru,1.8,2,7.3,8,4,high,4.055555555555555,True,True
675,48,female,chile,7.6,5,6.8,10,5,high,0.8947368421052632,False,False
676,18,male,peru,5.0,0,6.4,3,1,low,1.28,True,False
677,20,non-binary,mexico,6.2,0,3.5,8,8,high,0.564516129032258,False,False
678,33,female,spain,5.5,2,5.5,4,8,low,1.0,False,False
679,40,non-binary,chile,6.5,2,0.6,8,6,high,0.0923076923076923,False,False
680,28,female,colombia,7.7,2,6.4,1,5,medium,0.8311688311688312,False,False
681,29,non-binary,chile,7.0,0,9.6,3,8,medium,1.3714285714285714,True,False
682,27,male,colombia,8.1,4,2.3,6,3,medium,0.2839506172839506,False,False
683,49,male,colombia,8.9,2,4.5,9,3,low,0.5056179775280899,False,False
684,33,male,chile,6.4,1,6.8,2,2,low,1.0625,True,False
685,25,female,colombia,6.3,6,9.1,1,5,high,1.4444444444444444,True,False
686,55,non-binary,colombia,8.4,2,4.9,10,3,high,0.5833333333333334,False,False
687,29,male,mexico,8.6,6,4.3,3,3,high,0.5,False,False
688,41,non-binary,peru,8.1,3,1.1,4,6,low,0.1358024691358025,False,False
689,45,non-binary,peru,5.6,2,6.3,5,8,high,1.125,True,False
690,25,male,spain,7.6,0,11.1,3,2,medium,1.4605263157894737,True,False
691,45,male,spain,7.2,5,6.7,10,4,high,0.9305555555555556,False,False
692,53,non-binary,mexico,8.6,2,5.9,2,7,medium,0.6860465116279071,False,False
693,43,male,spain,6.1,5,6.8,2,1,low,1.1147540983606559,True,False
694,25,male,chile,4.5,3,6.0,7,1,medium,1.3333333333333333,True,False
695,45,male,argentina,8.0,1,4.0,9,10,medium,0.5,False,False
696,45,female,argentina,3.2,5,8.1,10,7,medium,2.5312499999999996,True,True
697,54,non-binary,argentina,5.9,6,6.6,2,7,low,1.11864406779661,True,False
698,58,non-binary,mexico,5.5,4,6.0,7,1,low,1.0909090909090908,True,False
699,53,female,mexico,5.5,2,3.6,7,1,low,0.6545454545454545,False,False
700,44,non-binary,colombia,5.9,3,9.3,7,4,low,1.576271186440678,True,True
701,34,male,argentina,8.8,3,7.7,3,5,high,0.875,False,False
702,26,non-binary,chile,8.2,5,4.6,7,5,low,0.5609756097560976,False,False
703,50,male,spain,6.6,1,8.5,1,4,medium,1.2878787878787878,True,False
704,37,female,chile,8.7,0,4.8,10,8,low,0.5517241379310345,False,False
705,30,male,spain,5.4,2,4.0,1,7,high,0.7407407407407407,False,False
706,45,non-binary,argentina,5.2,3,4.1,5,9,high,0.7884615384615383,False,False
707,46,non-binary,argentina,8.3,1,1.6,2,7,high,0.19277108433734938,False,False
708,30,non-binary,argentina,7.9,4,7.2,9,10,medium,0.9113924050632911,False,False
709,63,female,mexico,6.3,3,1.4,7,1,low,0.2222222222222222,False,False
710,52,female,spain,5.3,1,2.9,4,7,low,0.5471698113207547,False,False
711,23,non-binary,mexico,9.2,0,0.8,4,1,low,0.08695652173913045,False,False
712,35,male,mexico,4.4,0,5.8,2,7,medium,1.3181818181818181,True,False
713,22,female,peru,6.1,3,5.6,5,10,medium,0.9180327868852459,False,False
714,64,non-binary,chile,7.3,6,5.2,4,8,high,0.7123287671232877,False,False
715,42,non-binary,chile,9.7,3,3.4,1,9,high,0.3505154639175258,False,False
716,19,female,colombia,7.6,5,3.1,8,3,low,0.4078947368421053,False,False
717,27,female,mexico,7.7,2,7.2,3,4,medium,0.935064935064935,False,False
718,47,female,spain,6.1,1,4.6,6,4,medium,0.7540983606557377,False,False
719,62,male,peru,7.9,3,6.8,4,9,low,0.860759493670886,False,False
720,22,male,peru,7.2,2,3.8,9,7,low,0.5277777777777778,False,False
721,50,non-binary,chile,4.6,5,6.5,7,3,high,1.4130434782608696,True,True
722,18,female,mexico,8.2,2,9.3,9,10,high,1.1341463414634148,True,False
723,35,male,colombia,8.5,3,7.5,10,5,high,0.8823529411764706,False,False
724,49,female,mexico,8.2,0,5.0,3,7,low,0.6097560975609757,False,False
725,64,non-binary,argentina,7.0,1,6.6,1,8,low,0.9428571428571428,False,False
726,28,male,mexico,5.6,1,5.4,5,1,high,0.9642857142857144,False,False
727,38,male,argentina,3.5,0,6.0,3,2,high,1.7142857142857142,True,False
728,43,male,argentina,7.2,6,5.2,6,7,medium,0.7222222222222222,False,False
729,42,non-binary,colombia,8.6,3,5.6,8,2,medium,0.6511627906976744,False,False
730,39,female,spain,8.5,1,6.5,4,7,high,0.7647058823529411,False,False
731,44,male,chile,8.2,3,3.5,5,9,high,0.426829268292683,False,False
732,30,non-binary,mexico,6.9,5,3.5,5,2,medium,0.5072463768115941,False,False
733,50,female,argentina,8.6,3,2.5,4,7,high,0.29069767441860467,False,False
734,51,non-binary,mexico,8.4,2,2.0,4,4,medium,0.23809523809523808,False,False
735,58,female,spain,6.4,0,3.0,4,2,medium,0.46875,False,False
736,52,non-binary,chile,8.0,6,6.4,4,7,medium,0.8,False,False
737,18,female,spain,6.2,3,3.8,4,5,low,0.6129032258064515,False,False
738,38,male,chile,7.8,6,7.3,5,1,low,0.9358974358974359,False,False
739,23,female,peru,5.1,6,6.1,2,5,high,1.196078431372549,True,False
740,45,non-binary,chile,5.2,5,1.1,2,3,medium,0.21153846153846154,False,False
741,34,non-binary,colombia,8.6,4,7.6,9,7,low,0.8837209302325582,False,False
742,22,female,spain,8.4,0,8.0,2,6,high,0.9523809523809523,False,False
743,48,male,argentina,8.0,6,3.5,6,8,high,0.4375,False,False
744,22,male,peru,7.1,1,7.1,2,5,high,1.0,False,False
745,55,female,colombia,3.4,2,3.9,5,2,high,1.1470588235294117,True,False
746,20,female,mexico,6.9,1,6.2,4,9,high,0.8985507246376812,False,False
747,40,non-binary,spain,7.7,5,2.8,7,8,medium,0.3636363636363636,False,False
748,54,male,argentina,6.2,5,1.5,7,6,high,0.24193548387096772,False,False
749,54,female,chile,5.9,1,5.0,6,10,medium,0.847457627118644,False,False
750,27,male,argentina,9.2,0,5.7,10,7,low,0.6195652173913044,False,False
751,27,female,mexico,6.9,1,5.0,5,9,high,0.7246376811594203,False,False
752,36,female,peru,7.7,3,3.0,1,7,low,0.38961038961038963,False,False
753,34,male,peru,8.2,1,5.0,3,3,medium,0.6097560975609757,False,False
754,38,female,spain,5.5,2,6.7,9,6,medium,1.2181818181818183,True,True
755,31,female,peru,7.3,2,5.9,1,7,low,0.8082191780821919,False,False
756,26,non-binary,spain,9.0,4,6.5,5,2,high,0.7222222222222222,False,False
757,63,female,spain,9.7,2,4.3,2,3,high,0.443298969072165,False,False
758,18,female,spain,7.1,1,8.9,4,4,low,1.2535211267605635,True,False
759,62,female,chile,6.6,2,3.1,1,10,low,0.4696969696969697,False,False
760,30,non-binary,colombia,7.4,0,7.2,3,6,low,0.9729729729729729,False,False
761,21,male,spain,7.4,6,9.0,10,1,high,1.2162162162162162,True,False
762,18,non-binary,spain,9.1,2,7.2,7,9,high,0.7912087912087913,False,False
763,57,non-binary,colombia,5.5,3,5.5,10,5,high,1.0,False,False
764,49,male,argentina,6.6,0,4.7,3,7,low,0.7121212121212122,False,False
765,51,non-binary,spain,5.3,4,8.6,4,9,high,1.6226415094339623,True,False
766,45,male,chile,5.5,3,2.4,2,9,medium,0.43636363636363634,False,False
767,48,non-binary,peru,7.6,1,3.6,3,1,low,0.4736842105263158,False,False
768,25,male,peru,8.2,6,5.0,9,1,high,0.6097560975609757,False,False
769,56,female,mexico,6.0,1,9.1,3,3,low,1.5166666666666666,True,False
770,43,non-binary,mexico,8.2,6,6.9,5,6,medium,0.8414634146341464,False,False
771,51,non-binary,peru,8.7,6,3.6,2,2,medium,0.4137931034482759,False,False
772,20,non-binary,peru,9.9,1,5.2,4,10,low,0.5252525252525253,False,False
773,29,non-binary,chile,7.1,3,4.5,7,1,low,0.6338028169014085,False,False
774,18,female,colombia,6.0,3,4.2,7,1,medium,0.7000000000000001,False,False
775,61,non-binary,mexico,5.5,6,8.4,3,5,low,1.5272727272727273,True,False
776,22,female,colombia,5.3,3,2.6,5,4,medium,0.4905660377358491,False,False
777,47,female,chile,8.9,6,10.0,1,1,medium,1.1235955056179774,True,False
778,47,female,peru,4.7,6,8.1,10,4,high,1.7234042553191489,True,True
779,34,female,spain,8.8,0,8.7,10,3,low,0.9886363636363634,False,False
780,64,male,colombia,5.7,5,4.8,10,2,low,0.8421052631578947,False,False
781,40,male,peru,6.0,0,5.6,1,9,high,0.9333333333333332,False,False
782,32,non-binary,peru,6.8,1,2.4,5,1,medium,0.35294117647058826,False,False
783,54,male,argentina,5.9,5,4.7,10,7,low,0.7966101694915254,False,False
784,38,male,colombia,8.4,2,7.2,9,4,high,0.8571428571428571,False,False
785,31,non-binary,spain,9.7,1,9.2,1,5,high,0.9484536082474226,False,False
786,19,non-binary,colombia,6.0,4,3.2,1,10,low,0.5333333333333333,False,False
787,28,non-binary,peru,6.4,0,5.1,4,5,high,0.7968749999999999,False,False
788,56,male,spain,6.8,3,5.6,4,1,medium,0.8235294117647058,False,False
789,55,male,chile,7.8,0,2.5,2,6,high,0.32051282051282054,False,False
790,51,non-binary,argentina,6.8,3,7.5,9,9,medium,1.1029411764705883,True,True
791,55,female,peru,9.1,5,4.2,9,2,medium,0.46153846153846156,False,False
792,51,non-binary,mexico,8.7,4,5.5,2,7,low,0.632183908045977,False,False
793,35,female,mexico,5.2,5,4.9,9,6,high,0.9423076923076923,False,False
794,47,female,argentina,7.8,4,4.0,6,5,medium,0.5128205128205129,False,False
795,32,non-binary,chile,9.3,0,6.0,8,4,medium,0.6451612903225806,False,False
796,44,non-binary,peru,6.3,3,5.5,10,4,high,0.873015873015873,False,False
797,51,non-binary,colombia,6.6,5,5.1,4,6,medium,0.7727272727272727,False,False
798,55,male,argentina,6.2,4,4.2,2,4,high,0.6774193548387097,False,False
799,50,female,chile,6.2,6,6.8,2,5,low,1.096774193548387,True,False
800,41,male,colombia,4.5,1,10.1,9,6,medium,2.2444444444444445,True,True
801,32,male,mexico,5.0,1,6.3,1,5,medium,1.26,True,False
802,47,non-binary,mexico,7.1,5,8.5,7,7,high,1.1971830985915493,True,False
803,59,male,colombia,9.3,3,2.5,3,9,high,0.26881720430107525,False,False
804,34,non-binary,argentina,6.1,6,6.4,3,10,high,1.0491803278688525,True,False
805,22,female,mexico,6.0,5,3.3,2,7,high,0.5499999999999999,False,False
806,46,non-binary,peru,9.6,0,2.3,10,7,medium,0.23958333333333331,False,False
807,21,male,spain,5.3,4,4.2,6,4,low,0.7924528301886793,False,False
808,27,male,colombia,4.5,0,9.0,10,1,low,2.0,True,True
809,34,non-binary,colombia,5.8,1,8.4,2,8,low,1.4482758620689655,True,False
810,27,non-binary,mexico,6.0,4,6.6,10,4,low,1.0999999999999999,True,True
811,34,male,argentina,4.4,5,2.2,4,1,high,0.5,False,False
812,37,female,peru,6.8,0,5.5,10,5,medium,0.8088235294117647,False,False
813,41,female,argentina,8.4,2,6.8,9,8,medium,0.8095238095238094,False,False
814,22,non-binary,chile,5.1,3,6.4,9,4,medium,1.254901960784314,True,True
815,51,female,chile,7.1,6,1.4,6,8,high,0.19718309859154928,False,False
816,23,male,spain,7.6,6,3.8,4,8,medium,0.5,False,False
817,19,non-binary,mexico,6.9,3,5.8,7,3,high,0.8405797101449275,False,False
818,30,male,mexico,7.3,2,7.3,1,9,medium,1.0,False,False
819,60,male,mexico,7.3,1,0.5,4,3,low,0.0684931506849315,False,False
820,60,female,spain,5.8,4,5.6,5,1,high,0.9655172413793103,False,False
821,28,non-binary,chile,9.2,3,6.4,8,2,medium,0.6956521739130436,False,False
822,64,non-binary,argentina,8.9,2,8.1,2,6,low,0.9101123595505617,False,False
823,40,female,spain,8.8,5,7.7,5,10,low,0.875,False,False
824,33,male,spain,8.5,6,7.5,6,2,low,0.8823529411764706,False,False
825,48,male,argentina,4.6,2,4.0,5,6,high,0.8695652173913044,False,False
826,28,male,mexico,8.4,1,1.2,9,1,high,0.14285714285714285,False,False
827,33,male,peru,8.0,1,5.0,10,1,medium,0.625,False,False
828,25,non-binary,argentina,4.7,0,8.5,1,5,low,1.8085106382978722,True,False
829,21,non-binary,chile,6.7,3,9.5,3,10,medium,1.417910447761194,True,False
830,57,female,colombia,7.4,0,7.8,2,9,medium,1.054054054054054,True,False
831,21,female,colombia,9.5,6,7.1,3,8,low,0.7473684210526316,False,False
832,42,non-binary,spain,8.1,2,6.9,10,3,medium,0.851851851851852,False,False
833,20,non-binary,colombia,5.7,4,4.6,9,3,high,0.8070175438596491,False,False
834,49,male,peru,9.5,4,5.7,9,1,medium,0.6,False,False
835,20,male,mexico,7.1,1,10.2,10,3,low,1.436619718309859,True,False
836,44,female,chile,6.6,4,3.6,2,1,high,0.5454545454545455,False,False
837,46,non-binary,peru,6.5,4,10.0,3,8,high,1.5384615384615385,True,False
838,49,female,chile,4.6,6,5.2,4,1,medium,1.1304347826086958,True,False
839,36,non-binary,chile,6.8,4,9.3,9,5,medium,1.3676470588235297,True,True
840,38,male,mexico,7.7,2,2.5,3,9,high,0.3246753246753247,False,False
841,22,female,spain,6.4,4,7.5,7,7,medium,1.171875,True,True
842,35,female,colombia,7.6,5,4.2,3,4,low,0.5526315789473685,False,False
843,45,non-binary,mexico,5.7,4,2.5,7,9,medium,0.43859649122807015,False,False
844,59,male,peru,6.8,4,6.5,7,9,medium,0.9558823529411765,False,True
845,39,female,spain,7.5,0,8.5,9,2,high,1.1333333333333333,True,False
846,38,male,peru,7.3,2,3.9,2,10,medium,0.5342465753424658,False,False
847,23,female,spain,4.6,1,2.3,6,10,medium,0.5,False,False
848,18,male,peru,6.3,0,5.8,9,6,medium,0.9206349206349206,False,False
849,22,non-binary,mexico,9.5,3,5.8,2,4,low,0.6105263157894737,False,False
850,58,female,spain,6.3,2,7.4,2,8,medium,1.1746031746031746,True,False
851,29,female,spain,7.0,5,8.4,5,7,low,1.2,True,False
852,43,male,chile,6.9,2,5.9,10,7,low,0.855072463768116,False,False
853,63,male,chile,9.4,3,10.6,10,10,low,1.127659574468085,True,False
854,51,female,argentina,8.9,3,6.6,10,9,low,0.7415730337078651,False,False
855,31,non-binary,peru,8.2,3,5.1,8,5,high,0.6219512195121951,False,False
856,43,male,chile,5.5,6,2.0,9,6,low,0.36363636363636365,False,False
857,62,male,argentina,7.5,1,5.3,2,1,medium,0.7066666666666667,False,False
858,44,male,chile,7.9,4,5.2,5,6,low,0.6582278481012658,False,False
859,26,female,peru,6.0,2,8.4,7,2,medium,1.4000000000000001,True,True
860,43,female,spain,5.7,6,7.2,6,6,low,1.263157894736842,True,False
861,64,female,colombia,9.6,4,3.1,6,9,high,0.3229166666666667,False,False
862,39,female,peru,6.5,4,6.4,7,8,low,0.9846153846153847,False,True
863,64,non-binary,mexico,9.4,5,7.7,3,9,low,0.8191489361702128,False,False
864,47,non-binary,chile,8.5,3,9.8,3,10,high,1.1529411764705884,True,False
865,60,female,chile,7.6,1,8.2,10,8,low,1.0789473684210527,True,False
866,34,non-binary,spain,7.7,5,7.9,9,3,medium,1.025974025974026,True,False
867,43,male,mexico,4.9,0,6.2,8,8,low,1.2653061224489794,True,True
868,53,male,spain,7.3,6,7.0,5,6,low,0.9589041095890412,False,False
869,18,male,mexico,9.1,6,9.1,6,6,low,1.0,False,False
870,25,female,colombia,8.0,1,2.7,10,6,high,0.3375,False,False
871,52,male,chile,7.2,4,5.1,1,3,low,0.7083333333333333,False,False
872,32,non-binary,chile,9.6,6,4.1,10,10,low,0.4270833333333333,False,False
873,64,female,colombia,6.7,1,6.9,1,1,medium,1.0298507462686568,True,False
874,39,non-binary,argentina,6.1,6,9.1,4,4,low,1.4918032786885247,True,False
875,31,male,spain,7.2,6,4.5,2,10,low,0.625,False,False
876,43,male,colombia,8.1,3,0.0,7,6,low,0.0,False,False
877,45,male,spain,4.4,0,5.0,2,10,low,1.1363636363636362,True,False
878,40,female,peru,7.4,3,8.3,10,2,medium,1.1216216216216217,True,False
879,31,non-binary,chile,8.2,0,7.3,2,7,medium,0.8902439024390244,False,False
880,41,female,spain,6.6,6,7.1,5,7,high,1.0757575757575757,True,False
881,19,female,mexico,8.7,5,5.3,4,4,low,0.6091954022988506,False,False
882,62,male,spain,8.0,4,2.8,8,4,high,0.35,False,False
883,43,female,peru,10.2,6,7.3,4,1,high,0.7156862745098039,False,False
884,31,female,chile,5.9,0,3.9,6,2,low,0.6610169491525423,False,False
885,24,male,colombia,8.2,0,11.5,5,9,medium,1.402439024390244,True,False
886,20,female,peru,5.5,0,7.4,2,10,medium,1.3454545454545455,True,False
887,64,male,chile,4.6,6,4.5,8,8,low,0.9782608695652175,False,False
888,40,male,spain,3.9,1,4.5,2,8,low,1.153846153846154,True,False
889,63,male,argentina,7.8,5,5.8,9,9,medium,0.7435897435897436,False,False
890,60,male,argentina,7.3,1,5.4,9,7,low,0.7397260273972603,False,False
891,64,female,mexico,6.3,4,8.8,3,9,low,1.396825396825397,True,False
892,62,male,chile,4.3,6,6.5,4,10,low,1.5116279069767442,True,False
893,35,male,argentina,6.0,0,4.2,8,2,medium,0.7000000000000001,False,False
894,55,female,colombia,7.0,5,10.7,9,6,high,1.5285714285714285,True,False
895,52,female,chile,8.2,5,6.1,3,3,high,0.7439024390243902,False,False
896,32,non-binary,colombia,7.0,2,7.9,5,6,low,1.1285714285714286,True,False
897,42,female,colombia,7.4,4,4.5,8,3,medium,0.6081081081081081,False,False
898,54,female,argentina,6.4,5,6.9,3,8,low,1.078125,True,False
899,45,non-binary,chile,9.6,6,6.8,7,4,medium,0.7083333333333334,False,False
900,27,female,spain,5.5,0,1.3,8,10,low,0.23636363636363636,False,False
901,56,female,peru,6.0,0,11.0,10,6,medium,1.8333333333333333,True,True
902,34,female,argentina,6.3,5,9.2,3,9,medium,1.4603174603174602,True,False
903,56,female,argentina,7.8,1,5.0,2,2,high,0.6410256410256411,False,False
904,39,non-binary,spain,5.4,4,3.2,10,2,low,0.5925925925925926,False,False
905,43,female,chile,7.2,0,6.9,7,7,high,0.9583333333333334,False,False
906,61,female,chile,7.2,5,6.2,9,2,high,0.8611111111111112,False,False
907,42,non-binary,colombia,6.0,0,6.9,1,2,medium,1.1500000000000001,True,False
908,34,male,spain,7.5,5,6.5,3,4,low,0.8666666666666667,False,False
909,30,non-binary,spain,5.5,4,7.3,5,9,medium,1.3272727272727272,True,False
910,37,male,chile,5.3,5,9.6,3,8,medium,1.8113207547169812,True,False
911,42,non-binary,colombia,7.1,2,7.4,1,2,medium,1.0422535211267607,True,False
912,21,non-binary,argentina,4.5,5,3.4,7,8,low,0.7555555555555555,False,False
913,27,female,mexico,3.8,5,9.4,7,4,low,2.473684210526316,True,True
914,20,male,peru,7.8,6,10.1,10,2,medium,1.294871794871795,True,False
915,58,female,argentina,8.6,4,13.9,8,10,low,1.616279069767442,True,False
916,62,male,chile,6.3,6,3.2,5,7,medium,0.507936507936508,False,False
917,35,non-binary,peru,6.0,5,6.6,10,6,low,1.0999999999999999,True,True
918,64,non-binary,mexico,8.5,4,0.8,5,10,low,0.09411764705882353,False,False
919,53,male,mexico,5.3,2,7.4,5,5,high,1.3962264150943398,True,False
920,64,female,colombia,5.0,4,4.6,1,1,medium,0.9199999999999999,False,False
921,39,female,peru,8.1,0,10.8,10,2,high,1.3333333333333335,True,False
922,51,female,colombia,7.0,6,4.1,5,8,high,0.5857142857142856,False,False
923,64,female,argentina,8.6,4,1.8,6,1,medium,0.20930232558139536,False,False
924,25,non-binary,spain,3.8,2,4.8,1,3,medium,1.263157894736842,True,False
925,57,non-binary,spain,4.9,3,1.1,7,2,low,0.22448979591836735,False,False
926,61,non-binary,spain,7.0,5,7.9,1,5,medium,1.1285714285714286,True,False
927,36,non-binary,peru,7.6,4,0.8,2,4,high,0.10526315789473685,False,False
928,59,non-binary,spain,8.3,5,6.1,2,7,high,0.7349397590361445,False,False
929,58,female,argentina,7.3,1,0.8,5,5,medium,0.10958904109589042,False,False
930,54,female,colombia,7.2,0,5.2,10,8,high,0.7222222222222222,False,False
931,23,female,peru,6.4,6,10.1,7,4,low,1.5781249999999998,True,True
932,43,female,colombia,9.4,0,6.9,1,6,high,0.7340425531914894,False,False
933,51,non-binary,peru,5.3,1,3.8,10,4,low,0.7169811320754716,False,False
934,62,non-binary,colombia,7.5,1,5.9,1,2,high,0.7866666666666667,False,False
935,23,non-binary,mexico,5.5,6,6.0,1,1,low,1.0909090909090908,True,False
936,54,male,colombia,7.8,4,7.2,6,1,low,0.9230769230769231,False,False
937,50,female,spain,5.4,1,2.6,2,8,medium,0.48148148148148145,False,False
938,39,female,mexico,8.1,3,7.5,1,4,low,0.9259259259259259,False,False
940,23,female,peru,9.6,5,4.4,2,8,high,0.45833333333333337,False,False
941,23,female,peru,6.6,2,4.8,6,7,high,0.7272727272727273,False,False
942,21,non-binary,peru,7.6,1,7.6,10,8,high,1.0,False,False
943,47,male,chile,5.8,1,6.1,8,8,low,1.0517241379310345,True,True
944,28,male,argentina,6.6,3,2.5,2,6,high,0.3787878787878788,False,False
945,47,male,peru,7.2,0,3.5,9,10,high,0.4861111111111111,False,False
946,48,non-binary,mexico,4.7,0,6.5,8,2,medium,1.3829787234042552,True,True
947,41,female,peru,4.9,5,5.8,10,6,medium,1.183673469387755,True,False
948,26,non-binary,chile,7.9,5,4.6,1,1,high,0.5822784810126581,False,False
949,20,non-binary,spain,6.8,4,4.8,7,1,high,0.7058823529411765,False,False
950,48,female,mexico,6.1,6,7.7,10,3,low,1.2622950819672132,True,True
951,57,male,chile,5.9,3,4.7,6,3,low,0.7966101694915254,False,False
952,54,male,spain,6.0,6,5.8,6,5,high,0.9666666666666667,False,False
953,53,non-binary,mexico,7.2,6,11.4,6,1,medium,1.5833333333333333,True,False
954,41,male,colombia,7.7,2,2.4,6,10,high,0.3116883116883117,False,False
955,48,non-binary,argentina,3.9,6,1.4,10,6,low,0.358974358974359,False,False
956,23,non-binary,argentina,9.1,2,8.0,7,7,medium,0.8791208791208791,False,False
957,19,female,chile,9.0,6,4.3,3,10,medium,0.47777777777777775,False,False
958,37,female,spain,3.5,3,5.2,6,3,low,1.4857142857142858,True,False
959,45,female,argentina,8.6,2,4.0,3,4,high,0.46511627906976744,False,False
960,28,non-binary,spain,8.6,0,5.4,7,10,high,0.6279069767441862,False,False
961,21,female,spain,7.0,2,10.0,7,10,high,1.4285714285714286,True,False
962,32,male,chile,5.1,2,8.0,8,10,low,1.5686274509803924,True,True
963,23,male,chile,8.5,3,8.2,2,10,medium,0.9647058823529411,False,False
964,47,non-binary,chile,6.6,3,2.5,9,10,low,0.3787878787878788,False,False
965,55,non-binary,argentina,7.8,2,3.1,5,3,high,0.39743589743589747,False,False
967,32,non-binary,argentina,7.4,3,4.0,10,8,medium,0.5405405405405405,False,False
968,28,non-binary,chile,5.6,4,8.4,5,10,low,1.5000000000000002,True,False
969,25,male,peru,6.5,4,7.3,7,10,high,1.123076923076923,True,True
970,43,male,spain,5.8,0,5.4,9,2,medium,0.9310344827586208,False,False
971,62,female,chile,7.7,6,5.9,4,1,low,0.7662337662337663,False,False
972,61,non-binary,mexico,5.8,2,4.3,2,8,low,0.7413793103448276,False,False
973,22,non-binary,spain,6.3,1,6.5,9,7,medium,1.0317460317460319,True,True
974,23,male,spain,5.1,0,7.9,2,7,medium,1.5490196078431375,True,False
975,43,non-binary,chile,6.8,2,2.0,3,4,high,0.29411764705882354,False,False
976,21,male,colombia,7.3,3,6.7,10,9,medium,0.9178082191780822,False,False
977,36,female,chile,3.0,4,8.3,2,6,high,2.766666666666667,True,False
978,37,male,spain,7.4,5,5.0,3,2,low,0.6756756756756757,False,False
979,50,non-binary,mexico,6.9,1,7.8,6,1,high,1.1304347826086956,True,False
980,37,female,spain,5.9,5,13.0,3,1,low,2.2033898305084745,True,False
981,29,male,mexico,10.0,4,5.7,10,9,medium,0.5700000000000001,False,False
982,64,male,argentina,8.4,6,7.0,8,4,low,0.8333333333333333,False,False
983,18,female,peru,5.4,6,4.2,6,5,medium,0.7777777777777778,False,False
984,43,female,spain,8.3,5,6.5,7,3,low,0.7831325301204819,False,False
985,31,male,chile,8.9,3,7.2,1,4,low,0.8089887640449438,False,False
986,55,non-binary,argentina,7.2,2,6.5,3,8,low,0.9027777777777778,False,False
987,54,male,peru,7.5,3,3.5,3,4,low,0.4666666666666667,False,False
988,28,female,chile,7.5,5,6.5,2,9,high,0.8666666666666667,False,False
989,53,male,colombia,3.9,3,9.7,7,9,low,2.4871794871794872,True,True
990,30,female,chile,6.7,4,7.1,9,6,high,1.0597014925373134,True,True
991,60,female,mexico,6.6,1,8.4,4,2,medium,1.272727272727273,True,False
992,20,non-binary,mexico,9.1,3,5.4,5,10,medium,0.5934065934065935,False,False
993,50,female,colombia,7.5,4,7.9,3,7,high,1.0533333333333335,True,False
994,23,female,argentina,6.6,1,6.7,9,9,medium,1.0151515151515151,True,True
995,27,non-binary,peru,6.9,6,3.6,4,6,medium,0.5217391304347826,False,False
996,22,female,chile,8.5,2,6.8,5,3,low,0.7999999999999999,False,False
997,40,non-binary,mexico,6.7,5,3.5,1,7,low,0.5223880597014925,False,False
998,27,non-binary,argentina,6.0,6,4.4,2,5,low,0.7333333333333334,False,False
999,61,female,colombia,6.6,2,6.5,9,1,high,0.9848484848484849,False,True
1000,19,female,spain,8.4,6,6.7,2,3,high,0.7976190476190476,False,False
